<?xml version="1.0" encoding="UTF-8"?>
<!DOCTYPE geografia [
   <!ELEMENT geografia (paises, ciudades)>
   <!ELEMENT paises (pais)*>
      <!ELEMENT pais (#PCDATA)>
         <!ATTLIST pais codpais ID #REQUIRED>
   <!ELEMENT ciudades (ciudad)*>
      <!ELEMENT ciudad (#PCDATA)>
         <!ATTLIST ciudad pais IDREF #IMPLIED>
]>
<!-- Solución Ejercicio 4 -->
<geografia>
   <paises>
      <pais codpais="ESP">España</pais>
      <pais codpais="AUS">Austria</pais>
      <pais codpais="JAP">Japón</pais>
      <pais codpais="NOR">Noruega</pais>
   </paises>
   <ciudades>
      <ciudad pais="JAP">Osaka</ciudad>
      <ciudad pais="NOR">Oslo</ciudad>
      <ciudad pais="ESP">Sevilla</ciudad>
      <ciudad pais="JAP">Tokio</ciudad>
      <ciudad pais="AUS">Viena</ciudad>
   </ciudades>
</geografia>
